{"J1909-3744": [1.4408091566569124e-14, 1.7415], "B1855+09": [1.7797764177397721e-14, 3.5359], "B1937+21": [5.4233382315485308e-14, 2.7589], "J1713+0747": [7.3269899572351573e-15, 1.5809], "J1012+5307": [1.6405891285210902e-13, 1.511], "J2145-0750": [2.0301480034007304e-13, 1.3046], "J1643-1224": [5.5823207397988084e-13, 1.2954], "J0613-0200": [7.2956072929167718e-14, 1.2172], "J1903+0327": [5.5685261620764412e-13, 2.083], "J1747-4036": [6.2879133902978729e-13, 1.3798], "J1125+7819": [1.7119070953457272e-12, 1.9929], "J0030+0451": [1.1663660328704236e-14, 3.5638]}